Rank,Performance,Name,Year,Coach,Club,Venue,Date
Rank,Perf,Name,Year,Coach,Club,Venue,Date
1,74.62,Alex Smith,1,,Sale Harriers Manchester,Hull,3 Aug 11
2,72.79,Andy Frost,8,Alan Bertram,Woodford Green Essex Ladies,Loughborough,22 May 11
3,72.49,Mark Dry,2,Chris Black,Woodford Green Essex Ladies,Loughborough,22 May 11
4,72.45,Mike Floyd,13,Kevin Madden,Sale Harriers Manchester,Birmingham,20 Aug 11
5,69.24,James Bedford,1,Dave Smith,Birchfield H,Bedford,17 Jul 11
6,68.84,Chris Bennett,-1,Alan Bertram,Shaftesbury Barnet,Hendon,2 Jul 11
7,67.66,Matt Lambley,2,,City of Sheffield,Wakefield RI USA,17 Jul 11
8,67.06,Amir Williamson,2,Malcolm Fenton,Newham & Essex Beagles,Peterborough,29 Aug 11
9,67.02,Michael Bomba,3,Ronnie Bomba,Liverpool H,Bedford,30 May 11
10,66.66,Peter Smith,-2,Dave Smith,Kingston upon Hull,Derby,14 Aug 11
11,66.29,Simon Bown,15,Robert Earle,Newham & Essex Beagles,Bedford,17 Jul 11
12,66.14,Chris Shorthouse,1,John Pearson,Notts,Derby,27 Aug 11
13,64.69,Matthew Richards,3,,Belgrave,Loughborough,22 May 11
14,64.57,Joe Bloomfield,-2,John Pearson,Ipswich,Colchester,8 Sep 11
15,63.76,Graeme Level,1,Neil Ellerby,Gateshead,Jarrow,22 Jun 11
16,63.50,Alex Warner,-1,Lorraine Shaw,Windsor Slough Eton & Hounslow,Bedford,2 May 11
17,63.48,Andrew Jordon,-3,Lorraine Shaw,Blackheath & Bromley,Bedford,26 Jun 11
18,63.28,Alistair Williamson,1,Paul Head,Met Police,Woodford,2 Aug 11
19,62.15,Matthew Bell,11,,Birchfield H,Bedford,30 May 11
20,59.83,Stuart Thurgood,13,,Luton,Braintree,18 Dec 11
21,59.75,Michael Jones,26,,Belgrave,Crawley,27 Aug 11
22,59.51,John Pearson,23,,Charnwood,Rugby,4 Jun 11
23,58.64,Andrew Elkins,-5,Dennis Elkins,Shaftesbury Barnet,Loughborough,22 May 11
24,58.48,Micki Finn,2,,Windsor Slough Eton & Hounslow,Kingston,23 Apr 11
25,57.96,Wayne Powell,18,Lorraine Shaw,Gloucester,Stoke,7 May 11
26,57.87,Peter Clarke,-3,Ron Bowden,Woodford Green Essex Ladies,Bedford,26 Jun 11
27,57.74,Nick Miller,-5,,Border,Carlisle,14 May 11
28,57.06,Tim Williams,-4,Lorraine Shaw,Gloucester,Yate,4 Jun 11
29,56.88,Jay Hill,-3,Laurence Garnham,Enfield & Haringey,Plymouth,3 Jul 11
30,56.83,Glen Kerr,15,,Bedford & County,Wormwood Scrubs,7 May 11
31,56.78,Roger Bate,6,,Trafford,Liverpool,16 Apr 11
32,56.66,Matthew Sutton,8,Lorraine Shaw,Birchfield H,Liverpool,16 Apr 11
33,56.09,Graham Holder,17,,Bexley,Newham,4 Jun 11
34,56.03,David Little,8,,Glasgow City,Grangemouth,17 Apr 11
35,55.82,William Lowndes,3,,Liverpool H,Crawley,27 Aug 11
36,55.72,Justin Sysum,4,Lorraine Shaw,Gloucester,Stoke,7 May 11
37,55.17,Steve Whyte,25,,Thames Valley,Milton Keynes,12 Jun 11
38,54.85,Jonathan Edwards,-4,John Edwards,Huntingdonshire,Colchester,21 Aug 11
39,54.57,Callum Brown,-6,,City of Norwich,Great Yarmouth,21 Aug 11
40,54.12,Phil Spivey,28,,East Grinstead,Crawley,4 Jun 11
41,53.75,Robert Earle,29,,Colchester H,Colchester,4 Jun 11
42,53.51,Adam Beauford,8,,Yeovil,Glasgow,4 Jun 11
43,53.43,Matthew Frampton,5,,Bournemouth,Hendon,2 Jul 11
44,53.13,Stephen Minnikin,17,,Doncaster,Sutton Coldfield,28 May 11
45,53.07,Ritchie Wells,-1,Lorraine Shaw,Swansea,Bedford,1 May 11
46,52.77,Simon Bissell,4,Robert Halliwell,City of Sheffield,Rotherham,7 May 11
47,52.49,Gareth Cook,20,Tony Cook,Kingston & Poly,Kingston,14 May 11
48,52.00,Joe Gibson,4,,Scunthorpe & District AC (Defunct),Hull,10 Apr 11
49,51.96,Andrew Smith,5,,Gateshead,Jarrow,3 Jul 11
50,51.84,Dave Smith,27,,Kingston upon Hull,Hull,4 Jun 11
51,51.59,Rob Careless,15,,Notts,Leigh,2 Jul 11
52,51.52,John Hay,6,Gordon Binley,Corby,Corby,15 May 11
53,51.39,Alex Berrow,-1,,Tamworth,Birmingham (Un),20 Apr 11
54,51.26,Luke Hyland,2,,Rugby & Northampton,Rugby,4 Jun 11
55,50.94,Michael Tommey,-2,Lorraine Shaw,Gloucester,Cheltenham,18 May 11
56,50.80,Craig Murch,-5,Gary Herrington,Rugby & Northampton,Birmingham,3 Jul 11
57,50.72,Ross McManus,-5,,Edinburgh AC,Dunfermline,2 Apr 11
58,50.70,Sam Ridgway,-4,Jack Kee,Marshall Milton Keynes,Bedford,30 May 11
59,50.56,Jason Robinson,-1,John Pearson,Chesterfield,Doncaster,4 Jun 11
60,50.35,Mark Roberson,14,,Marshall Milton Keynes,Stevenage,20 Aug 11
61,50.32,Richard Martin,5,,Spenborough,Wakefield,11 Sep 11
62,50.11,Russell Devine,21,,Inverness,Doncaster AUS,2 Apr 11
63,49.94,Darren Kerr,20,,Bedford & County,Wormwood Scrubs,7 May 11
64,49.84,Wayne Roddis-Clarke,14,,Boston,Lincoln,17 Apr 11
65,49.49,Sam Blain,-6,,City of York,York,26 Jun 11
66,49.43,Scott McKevitt,2,,Peterborough,Portsmouth,6 Jul 11
67,49.42,Scot Thompson,8,,Sale Harriers Manchester,Perth,1 May 11
68,49.30,Jon Milum,24,,Exeter,Exeter,19 Jun 11
69,49.08,Mark Wiseman,20,,Belgrave,Crookham Common,13 Mar 11
70,48.81,James Taylor,7,Mike Corden,City of Sheffield,Cudworth,14 Aug 11
71,48.65,Rob Dean,-4,,City of Stoke,Derby,3 Sep 11
72,48.58,Steve Timmins,14,Amir Williamson,Blackheath & Bromley,Bromley,30 Apr 11
73,48.44,Ashley Andrews,-4,Lorraine Shaw,Forest of Dean AC,Yate,31 Jul 11
74,48.41,Edmund Reid,-5,William Robertson,Falkirk,Grangemouth,22 May 11
75,48.39,Adam Reynolds,-2,Ronnie Bomba,Liverpool H,Liverpool,16 Apr 11
76,48.20,Samuel Coe,-1,Paul Dickenson,Enfield & Haringey,Hendon,2 Jul 11
77,47.97,Matt Lasis,-5,Karl Lasis,Crawley,Kingston,2 Jul 11
78,47.94,Daniel Carlin,-2,,Giffnock North,Swansea,27 Aug 11
79,47.81,Sam Chappell,-1,,Kent,Crawley,27 Aug 11
80,47.35,Simon Evans,-4,Eric Davison,Worthing,Southampton,9 Jul 11
81,47.28,Ryan McDowall,-5,,Border,Carlisle,4 Jun 11
82,47.18,Nathan Harland-Smith,-1,Karl Lasis,Crawley,Hendon,4 Jun 11
83,47.15,Tom Pearson,-3,,Charnwood,Rugby,4 Jun 11
84,47.09,Hadan Brittain,-5,Paul Gair,Mansfield,Derby,27 Aug 11
85,46.95,Simon Achurch,15,,Nene Valley,Milton Keynes,12 Jun 11
86,46.80,Robert Duke,-5,Eric Davison,Worthing,Worthing,7 May 11
87,46.49,Harry Clarke,-6,Mike Winch,Woodford Green Essex Ladies,Woodford,13 Aug 11
88,46.38,Steve Brunsden,-2,,Kent,Bournemouth,11 Sep 11
89,46.33,Malcolm Fenton,33,,Ipswich,Colchester,8 Sep 11
90,46.32,Tom Dempsey,6,,Halesowen,Kettering,7 May 11
91,46.18,Mark Gulliver,17,,Leeds City,Bradford,18 Sep 11
92,46.00,David McKay,9,,West Cheshire,Cleckheaton,10 Sep 11
93,45.94,Andrew Windley,-1,,Stroud,Bristol,7 May 11
94,45.73,Andy Dawkins,15,,Royal Navy,Abingdon,4 Jun 11
95,45.49,Max Peisker,4,,Southampton,Lee Valley,21 May 11
96,45.27,Brett Marsh,13,,Newquay & Par,Woking,30 Jul 11
97,45.25,Rafal Morawski,-7,Jamie Bath,Ealing Southall & Middx,Perivale,9 Jul 11
98,45.00,Paul Derrien,18,,St. Mary's Richmond,Eton,4 Jun 11
99,44.96,David Burrell,25,,Luton,Birmingham,26 Jun 11
100,44.78,Matthew Evans,-4,Eric Davison,Worthing,Worthing,30 Jul 11
101,44.77,Owen Thomas,8,,Rotherham,Cudworth,14 May 11
102,44.72,Sean Band,-2,,Peterborough,Battersea Park,30 Apr 11
103,44.70,Nick Fogg,11,,Owls Leicester,Telford,3 Jul 11
104,44.68,Rhys Hodnett,-3,,Cardiff,Cambridge,28 Jun 11
105,44.45,Joe Forde,1,,Havering,Kingston,13 Aug 11
106,44.38,Richard Gayle,22,,Wakefield,Stretford,23 Aug 11
107,44.30,Michael Madden,24,,Newquay & Par,Plymouth,3 Jul 11
108,44.18,Ben Daley,-4,Carol Williams,Middlesbrough (Mandale),York,4 Jun 11
109,44.06,Gary Jones,-6,,Andover,Eltham,20 Aug 11
110,43.97,Alan James,27,,Windsor Slough Eton & Hounslow,Aldershot,13 Aug 11
111,43.96,Karl Fitzgerald,2,,Cleethorpes,Grimsby,3 Jul 11
112,43.94,Bradley Cole,-5,Lee Doran,Cardiff,Cardiff,18 Jun 11
113,43.70,Paul Dickenson,40,,Dacorum,Newham,4 Jun 11
113,43.70,Bob Broadbridge,30,,Newbury,Bedford,13 Aug 11
115,43.68,Sam Foster,-5,Gordon Binley,Corby,Newport,4 Jun 11
116,43.66,Gavin Cook,19,,Thames Valley,Wormwood Scrubs,7 May 11
117,43.64,Josh Day,-1,,Hereford,Worcester,3 Jul 11
118,43.59,Jay Stone,8,,Halesowen,Coventry,4 Jun 11
119,43.49,Sam Dawkins,-5,Geoff King,Jersey,Yeovil,2 Jul 11
120,43.42,Chad Rhodes,-5,,Tipton,Corby,7 May 11
121,43.38,Dan Brunsden,1,,Kent,Kingston,2 Jul 11
122,43.35,Rob C Smith,2,Tony Cook,Walton,Kingston,14 May 11
122,43.35,Rafer Joseph,21,,Basingstoke & Mid Hants,Winchester,20 Jun 11
124,43.30,Richard Bell,-4,Roseanne Hutchinson,Manx,Douglas,3 Aug 11
125,43.14,Daniel Avery,-6,William Bushnell,Southampton,Derby,27 Aug 11
126,43.11,Leo Scott,-1,,Cambridge Uni,Cambridge,21 May 11
127,43.00,Ashley Ralph,-3,Garry Power,Herne Hill,Exeter,4 Jun 11
128,42.78,Andy Wheble,2,,Kingston & Poly,Hemel Hempstead,17 Jul 11
129,42.77,Jon Arnold,6,,Swansea,Neath,25 May 11
130,42.74,Wesley Clarke,26,,Ilford,Woodford,16 Apr 11
131,42.59,Morgan Bell,-1,,Trafford,York,10 Sep 11
132,42.18,Paul Gair,24,,Mansfield,Birmingham (U),3 Jul 11
133,42.12,Matt Hammond,21,,Scunthorpe & District AC (Defunct),Cudworth,3 Jul 11
134,42.04,Bruce Robb,12,,Pitreavie,Grangemouth,14 Aug 11
135,42.02,Chris Privett,29,,Belgrave,Colchester,4 Jun 11
136,41.98,Mark White,-5,Thomas Grierson,Reading AC,Abingdon,17 Sep 11
137,41.97,Marcus Francis,-3,Joseph Walker,Derby,Derby,14 Aug 11
138,41.93,Joe Flitcroft,-3,,Basingstoke & Mid Hants,Yeovil,30 Jul 11
139,41.86,Martin Webster,,,Army,Tidworth,25 May 11
140,41.79,Mark Bradbury,10,,Amazing Feet,York,26 Jun 11
141,41.78,Tom Harrington,10,,Met Police,Wimbledon,7 May 11
142,41.69,Martin Roberts,29,,Cannock & Stafford,Coventry,4 Jun 11
143,41.59,Ewart Hulse,27,,Colwyn Bay,Wrexham,21 May 11
144,41.53,Lee Doran,-5,Bob Broadbridge,Newbury,Bedford,13 Aug 11
145,41.26,Ryan Winson,-4,Joseph Walker,Derby,Exeter,4 Jun 11
146,41.15,Gary Jennings,17,,Banbury,Banbury,14 Aug 11
147,41.05,Jake Allen,-6,Gary Howe,West Suffolk,Bury St. Edmunds,17 Jul 11
148,41.01,James Lasis,-7,Karl Lasis,Crawley,Horsham,9 Jul 11
149,40.83,Richard Woodhall,9,,Dudley & Stourbridge,Worcester,14 May 11
150,40.77,Carl Summerfield,1,,Wycombe,Abingdon,4 Jun 11
151,40.71,Michael Rigby,-1,,Oldham & Royton,Stockport,14 Aug 11
152,40.67,Jimmy Summers,24,,Royal Navy,Portsmouth,6 Jul 11
153,40.57,David Dowson,10,,Middlesbrough & Cleveland,Shildon,7 May 11
154,40.52,Alan French,24,,Harrow,Harrow,30 Jul 11
155,40.37,Jack Vickery,-6,Michael Hitchon,Blackburn,Blackpool,7 May 11
156,40.32,Sam Wilson,-6,,Peterborough,Peterborough,19 Jun 11
157,40.31,Darren Gibson,29,Diane Smith,Wolds Vets,Grimsby,7 May 11
158,40.15,Frazer Keith,14,,Cleethorpes,Tidworth,25 May 11
159,40.08,Alan Sydee,-7,,Luton,Peterborough,30 Apr 11
160,40.07,Tony Tipping,28,,Cambridge H,Eltham,20 Aug 11
161,39.92,Marc Bradbury,-5,,Boston,Rotherham,7 May 11
162,39.85,Michael Martin,4,,Trafford,Stretford,3 Jul 11
163,39.64,Damian Larrington,7,,Bedford & County,Parliament Hill,9 Jul 11
164,39.52,Nathan Walters,-1,,Reading AC,Bournemouth,4 Jun 11
164,39.52,James Best,5,,Daventry,Nuneaton,14 Aug 11
166,39.49,Peter Favell,7,,Chesterfield,King's Lynn,3 Jul 11
166,39.49,Paul Kelly,24,,Woking,Woking,13 Aug 11
168,39.36,Glyndwr Pugh,28,,Rhondda,Cardiff,11 May 11
169,39.30,Philip Garner,28,,Grantham AC,Lincoln,17 Apr 11
170,39.22,John Twiddle,21,,Kingston upon Hull,Cleckheaton,10 Sep 11
171,39.14,Neil Jennings,9,,St. Mary's Richmond,Kingston,23 Apr 11
172,39.03,Sam Hitchings,1,,Oxford Uni,Cambridge,21 May 11
173,38.88,Pat Halcrow,3,,Thurrock,Grays,30 Jul 11
174,38.86,John Nicholls,24,Dennis Roscoe,Sale Harriers Manchester,Blackburn,14 Aug 11
175,38.85,Robert Russell,15,,Skyrac,Jarrow,7 May 11
176,38.80,Zane Duquemin,-3,John Hillier,Jersey,Swansea,27 Aug 11
177,38.76,Trevor Christian,10,,Manx,Douglas,19 Mar 11
178,38.66,Gary Parsons,18,,Cambridge & Coleridge,Woodford,16 Apr 11
178,38.66,Ian Taylor,22,,Telford AC,Telford,7 May 11
180,38.57,Stefano Aquilino,-6,,Vale of Aylesbury,Salisbury,9 Jul 11
181,38.52,David Dawson,5,,Exeter,Exeter,15 May 11
182,38.51,Barry Hawksworth,42,Mark Wiseman,Derby,Cudworth,3 Jul 11
183,38.48,Alistair Mortimore,16,,Thames Valley,Woking,30 Jul 11
184,38.34,Alisdair Ferguson,24,,Met Police,Dartford,9 Jul 11
185,38.16,Michael Ashworth,-3,,Liverpool H,Bebington,4 Jun 11
185,38.16,John McCafferty,-3,,Victoria Park City of Glasgow,Glasgow,19 Jun 11
187,38.06,James Hamblin,-8,Robert Earle,Colchester H,Cambridge,30 Jul 11
188,38.05,Paul Simpson,3,,Seaton,Carlisle,3 Jul 11
189,38.04,Chris Darling,-4,,Lewes,Lewes,7 May 11
190,38.02,Andrew Simmonds,8,,Ryston,Grays,30 Jul 11
191,37.97,Barry Barnfield,18,Glyndwr Pugh,Rhondda,Aberdare,17 Aug 11
192,37.89,Tom O'Shea,9,,Swansea,Carmarthen,15 May 11
193,37.88,Phil Tyley,23,,,Nuneaton,10 Aug 11
194,37.80,Fergus Harford,23,,Woodford Green Essex Ladies,Woodford,20 Aug 11
195,37.75,Scott Jenns,9,,Tipton,Tipton,14 Aug 11
196,37.65,Simon Armstrong,27,Paul Rees,Bournemouth,Bournemouth,14 May 11
197,37.63,Neil McLellan,11,John McLellan,Stevenage & North Herts,Stevenage,20 Aug 11
198,37.60,Jonathan Ward,24,,Ashford AC,Ashford,30 Apr 11
199,37.58,Gareth Moffett,14,,Ballymena & Antrim,Belfast,12 Aug 11
200,37.57,Andrew McLaughlan,-4,,Kilbarchan,Grangemouth,22 May 11
201,37.53,Michael Swann,,,Ballymena & Antrim,Antrim,11 Jun 11
202,37.51,Simon Briggs,23,,Team Kennet,Horspath,7 May 11
203,37.50,Steve Thomas,33,,Barrow & Furness,Carlisle,3 Jul 11
204,37.38,Ken Baker,15,Tim Needham,Nene Valley,Peterborough,30 Apr 11
205,37.08,James Preston,-3,Nigel Bevan,Bristol & West,Birmingham,3 Jul 11
206,37.07,Keith Bell,15,Robert Earle,Chelmsford,Braintree,16 Apr 11
206,37.07,Ian McMullan,11,,North Down,Belfast,27 Aug 11
208,37.04,Andy Wain,24,,Nene Valley,Derby,27 Aug 11
209,37.00,Tim Brown,15,,Chichester,Eastbourne,30 Apr 11
210,36.95,Bob Ellingham,25,,Huntingdonshire,Bedford,11 Sep 11
211,36.92,Ricky Rasmussen,20,,Luton,Walthamstow,13 Aug 11
212,36.82,Robbie James,-8,,Hastings AC,Crawley,9 Jul 11
213,36.69,Alex Pope,4,,Blackheath & Bromley,Harrow,30 Jul 11
214,36.67,Jack Kee,50,,Marshall Milton Keynes,Bedford,4 May 11
214,36.67,Andy Vince,30,,Falkirk,Glasgow,19 Jun 11
216,36.66,Mark Line,27,,Liverpool Pembroke Sefton,Warrington,4 Jun 11
217,36.64,Oskar Piotrowicz,-5,,Highgate,Parliament Hill,23 Apr 11
218,36.62,Neil Houlsby,2,,Cambridge TC,Parliament Hill,23 Apr 11
219,36.61,Sam Cater,7,,Bromsgrove & Redditch,Coventry,4 Jun 11
220,36.58,Kevin Brown,25,,Shaftesbury Barnet,Burton,3 Jul 11
221,36.55,Nick Goodwin,17,,Midland Masters Throwers Group,Stoke,21 Aug 11
222,36.48,Leon Weaving,11,,Thanet AC,Canterbury,19 Jul 11
223,36.44,Steven Woolley,31,Barry Hawksworth,Mansfield,Derby,27 Aug 11
224,36.25,Elliott Griffin,-5,,Spenborough,Blackburn,3 Jul 11
225,36.22,Darren Evans,-5,,Preston,Blackpool,7 May 11
226,36.15,David Bauer,23,,Harlow AC,Walthamstow,13 Aug 11
227,36.11,Chris Smale,24,,Sutton & District,Kingston,14 May 11
228,36.10,Jonathan Murray,-5,,Edinburgh AC,Grangemouth,17 Apr 11
229,36.00,Chris Reynolds,-2,,City of Lisburn,Antrim,2 Jul 11
230,35.93,David Abernethy,34,,Barrow & Furness,Carlisle,4 Jun 11
231,35.85,Rene Rogers,17,,Dundee Hawkhill,Grangemouth,14 Aug 11
232,35.84,Scott Harvey,16,,Dartford H,Woking,21 May 11
233,35.82,Adam Richardson,11,,St. Mary's Richmond,Twickenham,9 Jul 11
233,35.82,Laurence Levy,-5,Norma Harris,Stevenage & North Herts,Cambridge,4 Sep 11
235,35.76,Chris Franks,23,,Radley,Horspath,13 Aug 11
236,35.70,Ian Frankish,5,,Epsom & Ewell,Brighton,4 Jun 11
237,35.63,Tim Creese,32,,Boston,Grantham,14 May 11
238,35.56,Dino Lantzos,28,,Newport H,Burton,3 Jul 11
238,35.56,Tony Jackson,29,,Swindon,Sandy,9 Jul 11
240,35.50,Gary Ireland,21,Philip Thomas,St. Helens Sutton,Ellesmere Port,7 May 11
241,35.34,Clive Howell,36,,Cannock & Stafford,Kettering,7 May 11
242,35.33,Gerrard Farrell,25,,Victoria Park City of Glasgow,Wishaw,28 Aug 11
243,35.29,Jonny Hinton,-5,,Tonbridge,Lee Valley,21 May 11
243,35.29,Mike Small,35,,Southampton,Abingdon,13 Aug 11
245,35.18,Alex Fitzpatrick,-5,Neil Fitzpatrick,City of Portsmouth,Bedford,30 Jul 11
246,35.17,Martyn Elkins,-1,,Shaftesbury Barnet,Bournemouth,3 Apr 11
246,35.17,John Moreland,31,Gary Herrington,Rugby & Northampton,Rugby,4 Jun 11
248,35.16,Allan Leiper,29,Allan Williams,"Aldershot, Farnham & District",Portsmouth,21 May 11
249,35.12,Craig Westerman,-4,,Wakefield,Derby,14 Aug 11
250,35.03,Richard Irving,21,,Croydon,Andover,30 Apr 11
251,34.94,Oliver Holway,-7,,Cambridge & Coleridge,Cambridge,30 Jul 11
252,34.92,Neil Fitzpatrick,9,Ian Wellington,City of Portsmouth,Portsmouth,7 May 11
253,34.88,Carl White,18,,Hastings AC,Brighton,4 Jun 11
253,34.88,Robert Simmonds,4,,Ryston,Bury St Edmunds,18 Sep 11
255,34.87,Iain Lawrence,-2,,Marshall Milton Keynes,Milton Keynes,4 Sep 11
256,34.85,Mike Marchant,27,,Winchester,Winchester,20 Jun 11
256,34.85,Christopher Jack,7,Joseph Walker,Derby,Leigh,2 Jul 11
258,34.83,Mike Williams,31,,Chelmsford,Chelmsford,22 Apr 11
259,34.81,David Quinn,5,,Annadale,Belfast,28 Apr 11
260,34.73,Craig Lacy,-3,John Backley,Cambridge H,Yeovil,2 Jul 11
261,34.68,Craig Sturrock,4,Tony Livingstone,Gateshead,Cleckheaton,10 Sep 11
262,34.67,Nick Winwood,,,Unattached,Hemel Hempstead,17 Jul 11
263,34.66,Stuart Smith,-1,,Boston,Grantham,14 May 11
264,34.64,Nick Owen,9,,Kingston & Poly,Kingston,4 May 11
265,34.55,Graham Middleton,29,,Cannock & Stafford,Tamworth,14 Aug 11
266,34.40,Paul Hayball,-2,,Huntingdonshire,Woodford,13 Aug 11
267,34.38,Jamie Potton-Burrell,-8,,Luton,Worthing,30 Jul 11
268,34.36,Nick Phillips,2,,Poole Runners,Woking,21 May 11
268,34.36,Paul Horrocks,20,,Bury,Bury,4 Jun 11
270,34.34,Darren Andrews,17,Lorraine Shaw,Forest of Dean AC,Yate,31 Jul 11
271,34.27,Michael Reiss,26,,Highgate,Parliament Hill,30 Jul 11
272,34.26,Morris Fox,26,,City of Stoke,Birmingham (U),3 Jul 11
272,34.26,David Ogilvie,21,,Ross County,Inverness,14 Aug 11
274,34.23,Iain Turnbull,10,,Birtley,Whitley Bay,14 Aug 11
275,34.20,Mark Boswell,-1,,Newport H,Burton,3 Jul 11
276,34.18,Nicholas Crimmen,24,,Spenborough,Cleckheaton,13 Apr 11
277,34.17,Eric Lister,,,Army,Tidworth,22 Jun 11
278,34.07,Ciaran Burns,,,Mid Ulster,Magherafelt,15 Jun 11
278,34.07,Shaun Medlen,7,Amir Williamson,Bexley,Woking,13 Aug 11
280,34.05,John Currie,15,,Telford AC,Portsmouth,6 Jul 11
281,33.96,Graham Bickerdike,3,,Holmfirth,Lincoln,4 Jun 11
282,33.95,Sean Hudson,24,,Gateshead,Jarrow,6 Jun 11
283,33.87,Steven Cotton,10,,North Devon,Wormwood Scrubs,7 May 11
284,33.80,Steve Killen,14,,Seaton,Preston,7 May 11
285,33.79,Chris Melluish,45,Paul Dickenson,Cambridge H,Peterborough,9 Jul 11
286,33.69,Christopher Kingsland,13,,Ashford AC,Ashford,15 May 11
287,33.68,Andy Mitchell,34,Beth Mitchell,Sutton-in-Ashfield,Loughborough,13 Jul 11
288,33.66,David Maggs,34,,Gateshead,Jarrow,25 May 11
289,33.63,Des Austin,25,,Herne Hill,Twickenham,18 Jul 11
290,33.55,Patrick Barrett,2,David Rice,Herts Phoenix,Welwyn,21 May 11
291,33.54,Jason Scott,2,,Bingley,Cleckheaton,7 May 11
292,33.51,Sam Johnson,-5,,Preston,Blackburn,14 Aug 11
292,33.51,Visar Beqiri,-3,,Oxford Uni,Cambridge,6 Nov 11
294,33.38,Ian Cooley,32,Stephen Lebond,Rotherham,Hull,4 Jun 11
294,33.38,Ron Todd,27,,Central,Grangemouth,14 Aug 11
296,33.08,Malcolm Cleghorn,25,,Ross County,Inverness,14 Aug 11
297,33.06,Clive Thomson,37,,Medway & Maidstone,Ashford,15 May 11
298,33.02,Dave Powers,31,,Luton,Luton,4 Jun 11
299,32.94,Iain Kitching,1,Elizabeth Kitching,Poole Runners,Yeovil,4 Jun 11
300,32.69,Rupert Williams,25,,Royal Navy,Portsmouth,7 May 11
300,32.69,Michael Hughes,29,Philip Thomas,St. Helens Sutton,Warrington,30 May 11
302,32.57,Dave Brown,24,,Liverpool Pembroke Sefton,Stretford,3 Jul 11
303,32.50,Garry Newton,11,Mike Ferne,Southampton,Sandown,6 Apr 11
304,32.49,John Edwards,38,,Burnley,Cleckheaton,7 May 11
305,32.45,Nigel Hooker,37,,Guildford & Godalming,Aldershot,13 Aug 11
306,32.44,Mark Plowman,4,Mark Wiseman,Yeovil,Portsmouth,6 Jul 11
307,32.36,Darren Thomas,10,,Skyrac,York,14 Aug 11
308,32.34,Sydney Bashforth,28,,"Blackpool, Wyre & Fylde",Blackpool,7 May 11
309,32.30,Richard Jeal,24,Brian Walsh,Middlesbrough (Mandale),Gateshead,27 Aug 11
310,32.29,Doug Kelson,39,,Basingstoke & Mid Hants,Andover,9 Jul 11
311,32.27,Christopher Sampson,1,,Longwood,Cleckheaton,14 Aug 11
312,32.26,Christopher Farrington,-3,Ian Magness,Tipton,Corby,7 May 11
313,32.25,Craig Rodwell,13,,Newark AC,Cleckheaton,14 Aug 11
314,32.24,Ashley Jones,2,,Yate,Birmingham (U),3 Jul 11
314,32.24,Neil Griffin,41,,Windsor Slough Eton & Hounslow,Sutton Valence,30 Jul 11
314,32.24,Brian Coombes,14,,Ballymena & Antrim,New York NY USA,29 Aug 11
317,32.20,Peter Mayfield,14,,Belgrave,Ewell,8 Oct 11
318,32.16,Albert Johnson,28,,Kent,Crawley,4 Jun 11
319,32.15,Alan Plumb,10,Derek Butterworth,Pendle,Cleckheaton,13 Jul 11
320,32.06,Trevor Ratcliffe,25,,Dacorum,Hemel Hempstead,7 May 11
321,32.04,Eddie McKenzie,23,,Aberdeen,Gent BEL,20 Mar 11
321,32.04,Gary Sweeney,2,,Moray,Grangemouth,14 Aug 11
323,32.01,Hayden Richards,-5,,Grantham AC,King's Lynn,3 Jul 11
324,31.92,Daniel Brunt,13,Geoff Capes,City of Sheffield,Sportcity,13 Aug 11
325,31.86,Darren Clissold,17,,City of Salisbury,Winchester,30 Jul 11
326,31.78,Richard Dewdney,11,,Horsham Blue Star,Crawley,13 Aug 11
327,31.75,Colin Allen,19,,Oldham & Royton,Leigh,15 May 11
328,31.73,Constandinos Lanzos,,,Police,Solihull,6 Jul 11
329,31.72,Matthew Doyle,-3,,Mid Ulster,Magherafelt,15 Jun 11
330,31.68,Richard Stocker,7,,West Cheshire,Cleckheaton,10 Sep 11
331,31.67,Brian Campbell,18,,Preston,Blackpool,7 May 11
332,31.61,Matt Woodhouse,-5,,Andover,Eltham,20 Aug 11
333,31.57,Lee Thornton,4,,Army,Tidworth,22 Jun 11
334,31.51,Leighton Green,11,,Thames Valley,Milton Keynes,10 Jul 11
335,31.50,Michael O'Donnell,-2,,Bolton,Blackburn,3 Jul 11
336,31.49,John Dickinson,6,Bill Jewers,Basingstoke & Mid Hants,Abingdon,13 Aug 11
337,31.46,Anthony Balko,25,,Blackburn,Blackpool,7 May 11
338,31.44,Richard Pedelty,7,,Daventry,Telford,3 Jul 11
339,31.38,Sam Moylan,25,,Enfield & Haringey,Ashford,30 Apr 11
340,31.35,Simon Langley,6,,Newark AC,Cleckheaton,14 Aug 11
341,31.34,Eddie Vermeer,14,,East Grinstead,Crawley,13 Aug 11
342,31.32,Hayden Tyler,-6,Murray Grant,Taunton,Exeter,3 Jul 11
342,31.32,Nick Walker,25,,Swindon,Eastbourne,30 Jul 11
344,31.28,James Newport,-4,,Yeovil,Worthing,7 May 11
345,31.24,Michael Brennan,8,,Whitemoss,Wishaw,28 Aug 11
346,31.17,Josh Davis,28,,Walton,Walton,9 Jul 11
346,31.17,Phil Hume,7,,Southampton,Luton,20 Aug 11
348,31.06,Tim Saunders-Mullins,36,,Watford,Welwyn,22 Apr 11
348,31.06,Alex Wells,22,,Wycombe,Abingdon,4 Jun 11
350,31.00,Perriss Wilkins,22,Michael Hughes,Banbury,Banbury,14 Aug 11
351,30.99,Geoff Fullwood,33,,Dudley & Stourbridge,Banbury,14 Aug 11
352,30.95,Robert Eales,24,,Newport H,Cardiff,14 May 11
353,30.90,Nick Phipps,37,,Woking,Woking,21 May 11
354,30.83,Derek Martin,37,,Trafford,Warrington,4 Jun 11
354,30.83,Brian Slaughter,32,,Eastbourne,Battersea Park,20 Aug 11
356,30.78,Kieran Thackray,-6,Michael Swain,Wakefield,Derby,19 Nov 11
357,30.75,Richard Taylor,-4,,Solihull & Small Heath,Telford,4 Jun 11
358,30.67,Nick Daniel,14,,Worcester,Worcester,4 Sep 11
359,30.61,Tom Jennings,4,,Holmfirth,Blackburn,14 Aug 11
360,30.60,Jake Webber,-5,Stuart Richards,Yeovil,Andover,9 Jul 11
361,30.59,Paul Appleby,13,,Morpeth,Middlesbrough,4 Jun 11
362,30.45,Steve Hillier,35,,British Airways,Kingston,10 Aug 11
363,30.44,Jason Hallett,7,John Davies,Cardiff,Cardiff,4 Jun 11
364,30.41,David Norris,3,Paul Rees,Harrow,Crawley,27 Aug 11
365,30.36,Graham Black,15,,Stratford-upon-Avon,Telford,4 Jun 11
366,30.18,Joseph Marchant,-8,Ewan Simmonds,Winchester,Winchester,21 May 11
367,30.12,Robert Wyper,23,,"Blackpool, Wyre & Fylde",Lincoln,4 Jun 11
367,30.12,Mike Bale,33,,Haywards Heath,Lewes,17 Jul 11
369,30.09,Luke Nightingale,-8,,Peterborough,Peterborough,21 May 11
370,29.98,Darren Trafford,19,,Bedford & County,Wormwood Scrubs,7 May 11
371,29.92,Graham Richardson,25,,Bourne,Grantham,11 Sep 11
372,29.89,Kevin Murch,31,,Rugby & Northampton,Nottingham,14 Aug 11
373,29.85,Jacek Drzewiecki,32,,Bracknell AC,Bracknell,4 Jun 11
374,29.79,Sam Harrison,8,,Havering,Croydon,9 Jul 11
375,29.73,Daniel Moles,-1,,Colchester H,Bedford,13 Aug 11
376,29.64,Kane Humphrey,-4,,Rotherham,Hull,4 Jun 11
377,29.60,Brian Lockley,41,,Trafford,Cleckheaton,7 May 11
377,29.60,Dave Orchard,30,,Hercules Wimbledon,Brighton,4 Jun 11
379,29.48,Peter Gallagher,12,Neil Ellerby,North Shields Poly,Whitley Bay,14 Aug 11
380,29.28,Andrew Nagy,29,,Rotherham,Rotherham,21 Aug 11
381,29.15,Luke Sings,-1,,City of Plymouth,Plymouth,13 Aug 11
382,28.94,James Hill,-6,,East Cheshire,Cleckheaton,4 Jun 11
383,28.90,Graham Lay,14,David Callaway,Unattached,Exeter,28 Jun 11
383,28.90,Joey Watson,-7,Leigh Bosson,Windsor Slough Eton & Hounslow,Aldershot,13 Aug 11
385,28.82,Courtney Green,4,Junior Field,Kent,Crawley,4 Jun 11
385,28.82,John Fenton,32,,Dartford H,Dartford,25 Sep 11
387,28.79,Tom Abdy,8,,Notts,Birmingham,3 Jul 11
388,28.76,Chris Rodgers,6,,Wirral,Bebington,4 Jun 11
389,28.75,Isaac Francis,-7,Richard Pilling,Eastbourne,Peterborough,9 Jul 11
390,28.71,Adey White,19,Hayley Fox,Lincoln Wellington,Preston,3 Jul 11
391,28.63,Chris King,38,,Croydon,Kingston,10 Aug 11
392,28.57,Richard Hunter,18,,Tynedale,Shildon,7 May 11
392,28.57,Peter Coates,21,,Durham,Whitley Bay,14 Aug 11
394,28.43,Ian Smith,19,,Whitemoss,Glasgow,19 Jun 11
395,28.42,Zachary Child,-5,,Pendle,Blackpool,30 Apr 11
396,28.35,Michael Duffin,49,,Paddock Wood,Canterbury,25 Sep 11
397,28.28,Peter Knott,31,,Corby,Corby,7 May 11
397,28.28,Nigel Marley,6,,Coventry,Kettering,7 May 11
399,28.24,Mark Cawte,20,,Swindon,Portsmouth,16 Apr 11
399,28.24,Christopher Toms,22,,Reading AC,Horspath,2 May 11
401,28.22,John Renney,22,,North Shields Poly,Jarrow,3 Jul 11
402,28.19,Anthony Gillatt,-7,Edel Meagher,Scunthorpe & District AC (Defunct),Cudworth,3 Jul 11
403,28.14,Barry Fenn,32,,Daventry,Nottingham,7 May 11
403,28.14,Ciaron Craig,-2,,Bedford & County,Lee Valley,9 Jul 11
405,28.13,Derek Osborne,26,,Brecon,Cardiff,11 May 11
406,28.10,Matthew Allison,16,,Leeds City,Yeovil,2 Jul 11
407,28.04,Boh Tjarks,11,,Hercules Wimbledon,Kingston,23 Apr 11
408,28.03,Sean Sullivan,-5,,Wirral,Bebington,4 Jun 11
408,28.03,Neil Edwards,10,,Wrexham,Connah's Quay,28 Aug 11
410,27.96,Justin Williams,19,,Hereford,Stourport,14 Aug 11
411,27.94,Jeff Clare,24,,Wigan & District,Salford,4 Jun 11
412,27.90,Stanley Turner,,,Army,Tidworth,25 May 11
413,27.75,Richard O'Connor,3,Sam Cater,Bromsgrove & Redditch,Stafford,3 Jul 11
414,27.69,Andrew Hughes,10,Stuart Thomas,Wombwell,Rotherham,27 Aug 11
415,27.55,Mark Beer,9,,Chesterfield,King's Lynn,3 Jul 11
416,27.54,Scott Reed,24,,Edinburgh AC,Edinburgh,3 Apr 11
417,27.41,Steven Feely,23,,Stevenage & North Herts,Southampton,9 Jul 11
417,27.41,Ross McClean,13,,Fire Service,New York NY USA,29 Aug 11
417,27.41,Peter Ebbage,31,,Tonbridge,Tonbridge,29 Aug 11
420,27.34,Marc Williams,-5,,City of Stoke,Stoke,7 May 11
421,27.29,Michael Clift,24,,Hallamshire,Birmingham,26 Jun 11
422,27.19,Paul Oakes,36,,Medway & Maidstone,Sutton Valence,30 Jul 11
423,27.17,Simon Price,31,,Macclesfield,Macclesfield,3 Jul 11
424,27.09,Mike Burling,32,Jack Kee,Marshall Milton Keynes,Milton Keynes,29 May 11
425,27.03,Jonathan McKinley,1,,Oxford Uni,Cambridge,21 May 11
426,26.99,Andrew Mills,16,,Kettering,Kettering,7 May 11
427,26.96,Rodney Chinn,32,,Lingfield,Crawley,13 Aug 11
428,26.92,Paul Figg,30,,Worthing,Horspath,13 Aug 11
429,26.85,Tim Needham,37,,Peterborough,Peterborough,6 Jul 11
430,26.79,David Glendower,21,,Invicta East Kent,Gent BEL,20 Mar 11
430,26.79,Jamie Courtenay,-3,Adrian Courtenay,Cheltenham,Nottingham,14 Aug 11
430,26.79,Alex Hill-King,-7,Ewan Simmonds,Winchester,Portsmouth,20 Aug 11
433,26.78,Simon Fricker,14,Paul Rees,Bournemouth,Bournemouth,4 Jun 11
434,26.74,Sam Allan,1,,Leeds City,Glasgow,4 Jun 11
435,26.73,Ian Lindley,34,,Bingley,Blackburn,3 Jul 11
435,26.73,Geoff Hall,39,,Western,Wrexham,14 Aug 11
437,26.67,Jim House,12,,Radley,Horspath,7 May 11
438,26.65,Richard Scoones,29,,Swale Combined,Bracknell,4 Jun 11
439,26.59,Ryan Knight,-2,,Dundee Hawkhill,Kingston,2 Jul 11
440,26.56,Hywel Port,14,,Rhondda,Aberdare,17 Aug 11
441,26.51,Josh Mouland,1,,Brighton & Hove,Lisse NED,20 Aug 11
442,26.41,L/Cpl Green,,,Army,Tidworth,22 Jun 11
442,26.41,Keith Seldon,32,,Hillingdon,Battersea Park,20 Aug 11
444,26.39,Eric Workman-Fowler,6,,"Aldershot, Farnham & District",Aldershot,13 Aug 11
445,26.38,Rory McMillan,2,,Ipswich,Bury St. Edmunds,26 Mar 11
446,26.36,Tom Elton,-2,,Cambridge Uni,Cambridge,21 May 11
447,26.32,Steve Pomeroy,27,,Abingdon,Bracknell,13 Jun 11
448,26.30,Mark Lodge,22,,Yate,Yate,11 Sep 11
449,26.20,Kevin MacPherson F12/T12,19,,Notts,Leigh,2 Jul 11
450,26.16,Stephen Stokes,21,James Rayner,Vale of Aylesbury,Eltham,30 Apr 11
451,26.11,Bilen Ahmet,4,Matthew Buck,Kingston & Poly,Hendon,11 Jun 11
451,26.11,Anthony Halling,-2,,Rhondda,Aberdare,6 Aug 11
453,26.10,William Washburn,19,,London Heathside,Milton Keynes,10 Jul 11
454,26.08,Hakeem Gabriel,-2,,Highgate,Brighton,4 Jun 11
455,26.07,Eddie Kopystynski,20,,Lasswade,Glasgow,19 Jun 11
456,26.06,Timothy Mainprize,24,,Goole Youth,Cleckheaton,14 Aug 11
457,26.04,Paul Young,26,,Middlesbrough & Cleveland,Shildon,7 May 11
,56.74,Dempsey McGuigan,-5,,Shaftesbury Barnet,Sportcity,13 Aug 11
,56.35,Andrew Doyle,-4,,Liverpool H,Dublin (S) IRL,17 Jul 11
,55.29,John Osazuwa,8,Jamie Bath,Belgrave,Loughborough,11 May 11
,54.10,Demetris Elia,,,Bangor Uni,Connah's Quay,14 May 11
,53.91,Gary Halpin,23,,Brecon,Ewell Court,28 May 11
,53.59,Donny Rocket,10,,Jersey,St Clement,10 Sep 11
,50.11,Derek Kasselstrand,-1,,Edinburgh AC,Wishaw,28 Aug 11
,49.52,Dawid Marchlewicz,6,Graham Arnold,City of Portsmouth,Portsmouth,14 Sep 11
,43.07,Andrej Sidorkin,7,,Nene Valley,Peterborough,1 Sep 11
,42.50,Sergii Saraiev,6,Michael Martin,Sale Harriers Manchester,Stretford,23 Aug 11
,42.39,Mark Hanily,11,,Herne Hill,Abingdon,13 Aug 11
,32.88,Baddar Echakhch,9,Terry Adams,Victoria Park & Tower Hamlets,Hendon,2 Jul 11
,30.68,Bernhard Jongejan,18,Sabrina Mace,Walton,Walton,9 Jul 11
,29.93,Garry Power,27,,Herne Hill,Parliament Hill,30 Jul 11
,29.29,Karlis Bricis,38,,Worthing,Portsmouth,16 Apr 11
,28.95,Martin Michalcyk,,,Newham & Essex Beagles,Parliament Hill,30 Jul 11
,28.77,Jeremy Harper,4,Paul Kirkpatrick,Windsor Slough Eton & Hounslow,Hendon,4 Jun 11
